<Screen xmlns="runtime-namespace:Game">

  <PanoramaWidget />

  <StackPanelWidget Direction="Horizontal">

    <CanvasWidget Style="{Widgets/TopBarContents}" >
      <LabelWidget Name="TopBar.Label" Text="[RecipaediaDescriptionScreen:1]" />
    </CanvasWidget>

    <StackPanelWidget Direction="Vertical" HorizontalAlignment="Center">

      <CanvasWidget Size="0, 10" />

      <StackPanelWidget Direction="Horizontal" HorizontalAlignment="Center">
        <CanvasWidget Size="10, 0" />
        <BevelledButtonWidget Name="Left" Style="{Styles/ButtonStyle_ArrowLeft}" VerticalAlignment="Center" />
        <CanvasWidget Size="Infinity, 0" />
        <BlockIconWidget Name="Icon" Size="112, 112" VerticalAlignment="Center" />
        <CanvasWidget Size="20, 0" />
        <LabelWidget Name="Name" VerticalAlignment="Center"/>
        <CanvasWidget Size="Infinity, 0" />
        <BevelledButtonWidget Name="Right" Style="{Styles/ButtonStyle_ArrowRight}" VerticalAlignment="Center" />
        <CanvasWidget Size="10, 0" />
      </StackPanelWidget>

      <CanvasWidget Size="0, 20" />

      <ScrollPanelWidget Direction="Vertical">
        <LabelWidget Name="Description"  WordWrap="true" Margin="10, 0" TextAnchor="HorizontalCenter" HorizontalAlignment="Center"/>
      </ScrollPanelWidget>
      
      <CanvasWidget Size="0, 20" />

      <StackPanelWidget Direction="Horizontal" HorizontalAlignment="Center" Margin="30, 0">
        <LabelWidget Name="PropertyNames1"  Color="128, 128, 128" />
        <CanvasWidget Size="10, 0" />
        <LabelWidget Name="PropertyValues1"  />
        <CanvasWidget Size="60, 0" />
        <LabelWidget Name="PropertyNames2"  Color="128, 128, 128" />
        <CanvasWidget Size="10, 0" />
        <LabelWidget Name="PropertyValues2"  />
      </StackPanelWidget>

    </StackPanelWidget>

  </StackPanelWidget>
  
</Screen>