<ClothingWidget xmlns="runtime-namespace:Game">
  
  <BevelledRectangleWidget Size="614, 382" BevelSize="3" />
  <LabelWidget CanvasWidget.Position="108, 14" Text="[ClothingWidget:1]"  Color="255, 255, 255, 192"/>
  <LabelWidget CanvasWidget.Position="286, 14" Text="[ClothingWidget:2]"  Color="255, 255, 255, 192"/>

  <CanvasWidget CanvasWidget.Position="24, 52" Size="80, 288" >
    <StackPanelWidget Direction="Vertical" VerticalAlignment="Center">
      <BevelledButtonWidget Name="VitalStatsButton" Text="[ClothingWidget:3]" Style="{Styles/ButtonStyle_70x60}">
        <RectangleWidget Size="40, 40" OutlineColor="0, 0, 0, 0" FillColor="255, 255, 255" Subtexture="{Textures/Atlas/VitalStats}" HorizontalAlignment="Center" VerticalAlignment="Center" />
      </BevelledButtonWidget>
      <BevelledButtonWidget Name="SleepButton" Text="[ClothingWidget:4]" Style="{Styles/ButtonStyle_70x60}">
        <RectangleWidget Size="40, 40" OutlineColor="0, 0, 0, 0" FillColor="255, 255, 255" Subtexture="{Textures/Atlas/Sleep}" HorizontalAlignment="Center" VerticalAlignment="Center" />
      </BevelledButtonWidget>
    </StackPanelWidget>
  </CanvasWidget>
  
  <CanvasWidget CanvasWidget.Position="106, 52" Size="160, 288">
    <BevelledRectangleWidget BevelSize="-2" DirectionalLight="0.15" CenterColor="0, 0, 0, 0" />
    <StackPanelWidget Name="ClothingStack" Direction="Vertical" />
    <PlayerModelWidget Name="InnerClothingModel" AnimateHeadSeed="1" AnimateHandsSeed="1"/>
    <PlayerModelWidget Name="OuterClothingModel" AnimateHeadSeed="1" AnimateHandsSeed="1" OuterClothing="true"/>
  </CanvasWidget>
  
  <GridPanelWidget CanvasWidget.Position="286, 52" Name="InventoryGrid" ColumnsCount="4" RowsCount="4"/>

</ClothingWidget>
