<FullInventoryWidget xmlns="runtime-namespace:Game">
  <BevelledRectangleWidget Size="614, 382" BevelSize="3" />
  <GridPanelWidget Name="InventoryGrid" CanvasWidget.Position="286, 52" ColumnsCount="4" RowsCount="4"/>
  <GridPanelWidget Name="CraftingGrid" CanvasWidget.Position="36, 52" ColumnsCount="2" RowsCount="2"/>
  <InventorySlotWidget Name="CraftingResultSlot" CanvasWidget.Position="36, 268" />
  <InventorySlotWidget Name="CraftingRemainsSlot" CanvasWidget.Position="108, 268" >
    <LabelWidget Text="[FullInventoryWidget:1]"  Color="0, 0, 0, 64" HorizontalAlignment="Center" VerticalAlignment="Center"/>
  </InventorySlotWidget>
  <LabelWidget CanvasWidget.Position="36, 14" Text="[FullInventoryWidget:2]"  Color="255, 255, 255, 192"/>
  <LabelWidget CanvasWidget.Position="286, 14" Text="[FullInventoryWidget:3]"  Color="255, 255, 255, 192"/>
  <ArrowLineWidget Color="0, 0, 0, 96" Width="8" ArrowWidth="24" PointsString="108, 211; 108, 241" AbsoluteCoordinates="true"/>
</FullInventoryWidget>
