<FurnaceWidget xmlns="runtime-namespace:Game">
  <BevelledRectangleWidget Size="614, 382" BevelSize="3" />
  <CanvasWidget CanvasWidget.Position="28, 52" Size="144, 72">
    <LabelWidget Text="[FurnaceWidget:1]"  FontSpacing="8, 0" Color="0, 0, 0, 64" HorizontalAlignment="Center" VerticalAlignment="Center"/>
  </CanvasWidget>
  <GridPanelWidget Name="InventoryGrid" CanvasWidget.Position="286, 52" ColumnsCount="4" RowsCount="4"/>
  <GridPanelWidget Name="FurnaceGrid" CanvasWidget.Position="28, 52" ColumnsCount="2" RowsCount="1"/>
  <CanvasWidget CanvasWidget.Position="64, 130" >
    <FireWidget Name="Fire" Size="68, 40" HorizontalAlignment="Center" VerticalAlignment="Center"/>
    <StackPanelWidget Direction="Horizontal">
      <BevelledRectangleWidget Size="24, 44" BevelSize="-2" CenterColor="0, 0, 0, 0" />
      <BevelledRectangleWidget Size="24, 44" BevelSize="-2" CenterColor="0, 0, 0, 0" />
      <BevelledRectangleWidget Size="24, 44" BevelSize="-2" CenterColor="0, 0, 0, 0" />
    </StackPanelWidget>
  </CanvasWidget>
  <ValueBarWidget Name="Progress" CanvasWidget.Position="210, 120" LayoutDirection="Vertical" BarsCount="8" FlipDirection="false" LitBarColor="96, 48, 0" UnlitBarColor="48, 48, 48, 80" BarSize="12, 12" BarSubtexture="{Textures/Atlas/ProgressBar}"/>
  <InventorySlotWidget Name="FuelSlot" CanvasWidget.Position="64, 180">
    <LabelWidget Text="[FurnaceWidget:2]"  Color="0, 0, 0, 64" HorizontalAlignment="Center" VerticalAlignment="Center"/>
  </InventorySlotWidget>
  <InventorySlotWidget Name="ResultSlot" CanvasWidget.Position="180, 268" />
  <InventorySlotWidget Name="RemainsSlot" CanvasWidget.Position="108, 268" >
    <LabelWidget Text="[FurnaceWidget:3]"  Color="0, 0, 0, 64" HorizontalAlignment="Center" VerticalAlignment="Center"/>
  </InventorySlotWidget>
  <LabelWidget CanvasWidget.Position="28, 14" Text="[FurnaceWidget:4]"  Color="255, 255, 255, 192"/>
  <LabelWidget CanvasWidget.Position="286, 14" Text="[FurnaceWidget:5]"  Color="255, 255, 255, 192"/>
  <ArrowLineWidget Color="0, 0, 0, 96" Width="8" ArrowWidth="0" PointsString="182, 88; 216, 88; 216, 118" AbsoluteCoordinates="true"/>
  <ArrowLineWidget Color="0, 0, 0, 96" Width="8" ArrowWidth="24" PointsString="216, 218; 216, 248" AbsoluteCoordinates="true"/>
</FurnaceWidget>
